"doc_title","doc_link","titel","geschaeftsnummer"
"Amtsgelübde vom 22.05.2024","https://grgeko.tg.ch/o/grgeko-portlet/activity/6143572/Amtsgel%C3%BCbde%20vom%2022.05.2024.pdf","Amtsgelübde der neugewählten Mitglieder des Grossen Rates","2024/WA 1/1"
"Amtsgelübde vom 22.05.2024","https://grgeko.tg.ch/o/grgeko-portlet/activity/6143571/Amtsgel%C3%BCbde%20vom%2022.05.2024.pdf","Amtsgelübde von Regierungsrätin Denise Neuweiler","2024/WA 2/2"
"Amtsgelübde vom 22.05.2024","https://grgeko.tg.ch/o/grgeko-portlet/activity/6143570/Amtsgel%C3%BCbde%20vom%2022.05.2024.pdf","Amtsgelübde von Regierungsrätin Sonja Wiesmann Schätzle","2024/WA 3/3"
"Amtsgelübde vom 22.05.2024","https://grgeko.tg.ch/o/grgeko-portlet/activity/6143569/Amtsgel%C3%BCbde%20vom%2022.05.2024.pdf","Amtsgelübde von Sarah Nobs, Ersatzmitglied Obergericht","2024/WA 4/4"
"Amtsgelübde vom 22.05.2024","https://grgeko.tg.ch/o/grgeko-portlet/activity/6143568/Amtsgel%C3%BCbde%20vom%2022.05.2024.pdf","Amtsgelübde von Fabienne Hanselmann, Ersatzmitglied Verwaltungsgericht","2024/WA 5/5"
"Amtsgelübde vom 22.05.2024","https://grgeko.tg.ch/o/grgeko-portlet/activity/6143567/Amtsgel%C3%BCbde%20vom%2022.05.2024.pdf","Amtsgelübde von Hanna Trippel, Ersatzmitglied Verwaltungsgericht","2024/WA 6/6"
"Wahl vom 22.05.2024","https://grgeko.tg.ch/o/grgeko-portlet/activity/6143566/Wahl%20vom%2022.05.2024.pdf","Wahl des Präsidiums des Grossen Rates für das Amtsjahr 2024/2025","2024/WA 7/7"
"Wahl vom 22.05.2024","https://grgeko.tg.ch/o/grgeko-portlet/activity/6143565/Wahl%20vom%2022.05.2024.pdf","Wahl des Vizepräsidiums des Grossen Rates für das Amtsjahr 2024/2025","2024/WA 8/8"
"Missiv vom 23.04.2024 (24/WA 9/9)","https://grgeko.tg.ch/o/grgeko-portlet/activity/6082087/Missiv%20vom%2023.04.2024%20(24-WA%209-9).pdf","Wahl des Präsidiums und des Vizepräsidiums des Regierungsrates für das Amtsjahr 2024/2025","2024/WA 9/9"
"Wahl vom 22.05.2024","https://grgeko.tg.ch/o/grgeko-portlet/activity/6143564/Wahl%20vom%2022.05.2024.pdf","Wahl des Präsidiums und des Vizepräsidiums des Regierungsrates für das Amtsjahr 2024/2025","2024/WA 9/9"
"Wahl vom 22.05.2024","https://grgeko.tg.ch/o/grgeko-portlet/activity/6143563/Wahl%20vom%2022.05.2024.pdf","Wahl der Mitglieder des Ratssekretariates, Stimmenzählenden und Beisitzenden für die Amtsdauer 2024-2028","2024/WA 10/10"
"Wahl vom 22.05.2024","https://grgeko.tg.ch/o/grgeko-portlet/activity/6143562/Wahl%20vom%2022.05.2024.pdf","Wahl der Mitglieder und des Präsidiums der Geschäftsprüfungs- und Finanzkommission für die Amtsdauer 2024-2028","2024/WA 11/11"
"Wahl vom 22.05.2024","https://grgeko.tg.ch/o/grgeko-portlet/activity/6143561/Wahl%20vom%2022.05.2024.pdf","Wahl der Mitglieder und des Präsidiums der Justizkommission für die Amtsdauer 2024-2028","2024/WA 12/12"
"Wahl vom 22.05.2024","https://grgeko.tg.ch/o/grgeko-portlet/activity/6143560/Wahl%20vom%2022.05.2024.pdf","Wahl der Mitglieder und des Präsidiums der Raumplanungskommission für die Amtsdauer 2024-2028","2024/WA 13/13"
"Wahl vom 22.05.2024","https://grgeko.tg.ch/o/grgeko-portlet/activity/6143559/Wahl%20vom%2022.05.2024.pdf","Wahl der Mitglieder und des Präsidiums der Kommission für Klima, Energie und Umwelt für die Amtsdauer 2024-2028","2024/WA 14/14"
"Wahl vom 22.05.2024","https://grgeko.tg.ch/o/grgeko-portlet/activity/6143558/Wahl%20vom%2022.05.2024.pdf","Wahl der Mitglieder und des Präsidiums der Gesetzgebungs- und Redaktionskommission für die Amtsdauer 2024-2028","2024/WA 15/15"
"Missiv vom 09.04.2024 (20/WA 660/111 - 24/WA 16/16)","https://grgeko.tg.ch/o/grgeko-portlet/activity/6061184/Missiv%20vom%2009.04.2024%20(20-WA%20660-111%20-%2024-WA%2016-16).pdf","Genehmigung der Wahl der Mitglieder des Grossen Rates vom 7. April 2024","2024/WA 16/16"
"Listenergebnisse Übersicht Kanton (24/WA 16/16)","https://grgeko.tg.ch/o/grgeko-portlet/activity/6061178/Listenergebnisse%20%C3%9Cbersicht%20Kanton%20(24-WA%2016-16).pdf","Genehmigung der Wahl der Mitglieder des Grossen Rates vom 7. April 2024","2024/WA 16/16"
"Wahlprotokoll Frauenfeld (24/WA 16/16)","https://grgeko.tg.ch/o/grgeko-portlet/activity/6061179/Wahlprotokoll%20Frauenfeld%20(24-WA%2016-16).pdf","Genehmigung der Wahl der Mitglieder des Grossen Rates vom 7. April 2024","2024/WA 16/16"
"Wahlprotokoll Arbon (24/WA 16/16)","https://grgeko.tg.ch/o/grgeko-portlet/activity/6061180/Wahlprotokoll%20Arbon%20(24-WA%2016-16).pdf","Genehmigung der Wahl der Mitglieder des Grossen Rates vom 7. April 2024","2024/WA 16/16"
"Wahlprotokoll Weinfelden (24/WA 16/16)","https://grgeko.tg.ch/o/grgeko-portlet/activity/6061181/Wahlprotokoll%20Weinfelden%20(24-WA%2016-16).pdf","Genehmigung der Wahl der Mitglieder des Grossen Rates vom 7. April 2024","2024/WA 16/16"
"Wahlprotokoll Münchwilen (24/WA 16/16)","https://grgeko.tg.ch/o/grgeko-portlet/activity/6061182/Wahlprotokoll%20M%C3%BCnchwilen%20(24-WA%2016-16).pdf","Genehmigung der Wahl der Mitglieder des Grossen Rates vom 7. April 2024","2024/WA 16/16"
"Wahlprotokoll Kreuzlingen (24/WA 16/16)","https://grgeko.tg.ch/o/grgeko-portlet/activity/6061183/Wahlprotokoll%20Kreuzlingen%20(24-WA%2016-16).pdf","Genehmigung der Wahl der Mitglieder des Grossen Rates vom 7. April 2024","2024/WA 16/16"
"Botschaft vom 06.05.2024 (24/WA 16/16)","https://grgeko.tg.ch/o/grgeko-portlet/activity/6109686/Botschaft%20vom%2006.05.2024%20(24-WA%2016-16).pdf","Genehmigung der Wahl der Mitglieder des Grossen Rates vom 7. April 2024","2024/WA 16/16"
"Entwurf Büro (24/WA 16/16)","https://grgeko.tg.ch/o/grgeko-portlet/activity/6109685/Entwurf%20B%C3%BCro%20(24-WA%2016-16).pdf","Genehmigung der Wahl der Mitglieder des Grossen Rates vom 7. April 2024","2024/WA 16/16"
"Genehmigung der Wahl vom 22.05.2024","https://grgeko.tg.ch/o/grgeko-portlet/activity/6143557/Genehmigung%20der%20Wahl%20vom%2022.05.2024.pdf","Genehmigung der Wahl der Mitglieder des Grossen Rates vom 7. April 2024","2024/WA 16/16"
"Botschaft vom 07.05.2024 (24/GE 1/17)","https://grgeko.tg.ch/o/grgeko-portlet/activity/6109683/Botschaft%20vom%2007.05.2024%20(24-GE%201-17).pdf","Ruhetagsgesetz (RTG)","2024/GE 1/17"
"Entwurf Regierungsrat (24/GE 1/17)","https://grgeko.tg.ch/o/grgeko-portlet/activity/6109682/Entwurf%20Regierungsrat%20(24-GE%201-17).pdf","Ruhetagsgesetz (RTG)","2024/GE 1/17"
"Botschaft vom 07.05.2024 (24/BS 1/18)","https://grgeko.tg.ch/o/grgeko-portlet/activity/6109681/Botschaft%20vom%2007.05.2024%20(24-BS%201-18).pdf","Beschluss des Grossen Rates über einen Nachtragskredit 2024","2024/BS 1/18"
"Entwurf Regierungsrat (24/BS 1/18)","https://grgeko.tg.ch/o/grgeko-portlet/activity/6109680/Entwurf%20Regierungsrat%20(24-BS%201-18).pdf","Beschluss des Grossen Rates über einen Nachtragskredit 2024","2024/BS 1/18"
"Beilage Botschaft 20_AN 6_345 Wortlaut Begründung vom 29.06.2022","https://grgeko.tg.ch/o/grgeko-portlet/activity/6109679/Beilage%20Botschaft%2020_AN%206_345%20Wortlaut%20Begr%C3%BCndung%20vom%2029.06.2022.pdf","Beschluss des Grossen Rates über einen Nachtragskredit 2024","2024/BS 1/18"
"Beilage Botschaft 20_AN 6_345_Beantwortung vom 20.06.2023","https://grgeko.tg.ch/o/grgeko-portlet/activity/6109678/Beilage%20Botschaft%2020_AN%206_345_Beantwortung%20vom%2020.06.2023.pdf","Beschluss des Grossen Rates über einen Nachtragskredit 2024","2024/BS 1/18"
"Beilage Botschaft 20_AN 6_345_Protokoll Grossrat vom 16.08.2023","https://grgeko.tg.ch/o/grgeko-portlet/activity/6109677/Beilage%20Botschaft%2020_AN%206_345_Protokoll%20Grossrat%20vom%2016.08.2023.pdf","Beschluss des Grossen Rates über einen Nachtragskredit 2024","2024/BS 1/18"
"Botschaft vom 21.05.2024 (24/GE 2/19)","https://grgeko.tg.ch/o/grgeko-portlet/activity/6123168/Botschaft%20vom%2021.05.2024%20(24-GE%202-19).pdf","Änderung des Planungs- und Baugesetzes (PBG)","2024/GE 2/19"
"Entwurf Regierungsrat (24/GE 2/19)","https://grgeko.tg.ch/o/grgeko-portlet/activity/6123167/Entwurf%20Regierungsrat%20(24-GE%202-19).pdf","Änderung des Planungs- und Baugesetzes (PBG)","2024/GE 2/19"
"Synopse (24/GE 2/19)","https://grgeko.tg.ch/o/grgeko-portlet/activity/6123166/Synopse%20(24-GE%202-19).pdf","Änderung des Planungs- und Baugesetzes (PBG)","2024/GE 2/19"
"Entwurf Regierungsrat Zivil- und Strafrechtspflege (ZSRG) (24/GE 3/20)","https://grgeko.tg.ch/o/grgeko-portlet/activity/6123165/Entwurf%20Regierungsrat%20Zivil-%20und%20Strafrechtspflege%20(ZSRG)%20%20(24-GE%203-20).pdf","Änderung des Gesetzes über die Zivil- und Strafrechtspflege (ZSRG), der Verordnung des Grossen Rates über die Besoldung des Staatspersonals (BesVO), des Einführungsgesetzes zum Schweizerischen Zivilgesetzbuch (EG ZGB) und des Verantwortlichkeitsgesetzes (VerantwG)","2024/GE 3/20"
"Entwurf Regierungsrat Einführungsgesetzes zum Schweizerischen Zivilgesetzbuch (EG ZGB) (24/GE 3/20)","https://grgeko.tg.ch/o/grgeko-portlet/activity/6123164/Entwurf%20Regierungsrat%20Einf%C3%BChrungsgesetzes%20zum%20Schweizerischen%20Zivilgesetzbuch%20(EG%20ZGB)%20(24-GE%203-20).pdf","Änderung des Gesetzes über die Zivil- und Strafrechtspflege (ZSRG), der Verordnung des Grossen Rates über die Besoldung des Staatspersonals (BesVO), des Einführungsgesetzes zum Schweizerischen Zivilgesetzbuch (EG ZGB) und des Verantwortlichkeitsgesetzes (VerantwG)","2024/GE 3/20"
"Entwurf Regierungsrat Besoldungsverordnung; BesVO (20/GE 3/20)","https://grgeko.tg.ch/o/grgeko-portlet/activity/6123163/Entwurf%20Regierungsrat%20Besoldungsverordnung;%20BesVO%20(20-GE%203-20).pdf","Änderung des Gesetzes über die Zivil- und Strafrechtspflege (ZSRG), der Verordnung des Grossen Rates über die Besoldung des Staatspersonals (BesVO), des Einführungsgesetzes zum Schweizerischen Zivilgesetzbuch (EG ZGB) und des Verantwortlichkeitsgesetzes (VerantwG)","2024/GE 3/20"
"Synopse ZSRG (24/GE 3/20)","https://grgeko.tg.ch/o/grgeko-portlet/activity/6123162/Synopse%20ZSRG%20(24-GE%203-20).pdf","Änderung des Gesetzes über die Zivil- und Strafrechtspflege (ZSRG), der Verordnung des Grossen Rates über die Besoldung des Staatspersonals (BesVO), des Einführungsgesetzes zum Schweizerischen Zivilgesetzbuch (EG ZGB) und des Verantwortlichkeitsgesetzes (VerantwG)","2024/GE 3/20"
"Synopse EG ZGB (20/GE 3/20)","https://grgeko.tg.ch/o/grgeko-portlet/activity/6123161/Synopse%20EG%20ZGB%20(20-GE%203-20).pdf","Änderung des Gesetzes über die Zivil- und Strafrechtspflege (ZSRG), der Verordnung des Grossen Rates über die Besoldung des Staatspersonals (BesVO), des Einführungsgesetzes zum Schweizerischen Zivilgesetzbuch (EG ZGB) und des Verantwortlichkeitsgesetzes (VerantwG)","2024/GE 3/20"
"Botschaft vom 21.05.2024 (24/GE 3/20)","https://grgeko.tg.ch/o/grgeko-portlet/activity/6123160/Botschaft%20vom%2021.05.2024%20(24-GE%203-20).pdf","Änderung des Gesetzes über die Zivil- und Strafrechtspflege (ZSRG), der Verordnung des Grossen Rates über die Besoldung des Staatspersonals (BesVO), des Einführungsgesetzes zum Schweizerischen Zivilgesetzbuch (EG ZGB) und des Verantwortlichkeitsgesetzes (VerantwG)","2024/GE 3/20"
"Botschaft vom 21.05.2024 (24/BS 2/21)","https://grgeko.tg.ch/o/grgeko-portlet/activity/6123159/Botschaft%20vom%2021.05.2024%20(24-BS%202-21).pdf","Beschluss des Grossen Rates über den Nachtragskredit zur Erhöhung des Globalbudgets 2024 der Steuerverwaltung","2024/BS 2/21"
"Entwurf Regierungsrat (24/BS 2/21)","https://grgeko.tg.ch/o/grgeko-portlet/activity/6123158/Entwurf%20Regierungsrat%20(24-BS%202-21).pdf","Beschluss des Grossen Rates über den Nachtragskredit zur Erhöhung des Globalbudgets 2024 der Steuerverwaltung","2024/BS 2/21"
"Beilage_1 Analysepapier Taskforce Veranlagungsstand","https://grgeko.tg.ch/o/grgeko-portlet/activity/6123157/Beilage_1%20Analysepapier%20Taskforce%20Veranlagungsstand.pdf","Beschluss des Grossen Rates über den Nachtragskredit zur Erhöhung des Globalbudgets 2024 der Steuerverwaltung","2024/BS 2/21"
"Beilage_2 Anhang Personalbedarfsermittlung zum Analysepapier","https://grgeko.tg.ch/o/grgeko-portlet/activity/6123156/Beilage_2%20%20Anhang%20Personalbedarfsermittlung%20zum%20Analysepapier.pdf","Beschluss des Grossen Rates über den Nachtragskredit zur Erhöhung des Globalbudgets 2024 der Steuerverwaltung","2024/BS 2/21"
"Beilage_3 Berechnung Mehrkosten Botschaft","https://grgeko.tg.ch/o/grgeko-portlet/activity/6123155/Beilage_3%20Berechnung%20Mehrkosten%20Botschaft.pdf","Beschluss des Grossen Rates über den Nachtragskredit zur Erhöhung des Globalbudgets 2024 der Steuerverwaltung","2024/BS 2/21"
"Tabelle_1 Personalbedarfsermittlung Juristische Personen","https://grgeko.tg.ch/o/grgeko-portlet/activity/6123154/Tabelle_1%20Personalbedarfsermittlung%20Juristische%20Personen.pdf","Beschluss des Grossen Rates über den Nachtragskredit zur Erhöhung des Globalbudgets 2024 der Steuerverwaltung","2024/BS 2/21"
"Tabelle_2 Personalbedarfsermittlung Natürliche Personen","https://grgeko.tg.ch/o/grgeko-portlet/activity/6123153/Tabelle_2%20Personalbedarfsermittlung%20Nat%C3%BCrliche%20Personen.pdf","Beschluss des Grossen Rates über den Nachtragskredit zur Erhöhung des Globalbudgets 2024 der Steuerverwaltung","2024/BS 2/21"
"Kommissionsbericht vom 22.07.2024","https://grgeko.tg.ch/o/grgeko-portlet/activity/6229860/Kommissionsbericht%20vom%2022.07.2024.pdf","Beschluss des Grossen Rates über den Nachtragskredit zur Erhöhung des Globalbudgets 2024 der Steuerverwaltung","2024/BS 2/21"
"Entwurf Kommission","https://grgeko.tg.ch/o/grgeko-portlet/activity/6232299/Entwurf%20Kommission.pdf","Beschluss des Grossen Rates über den Nachtragskredit zur Erhöhung des Globalbudgets 2024 der Steuerverwaltung","2024/BS 2/21"
"Eintreten, Detailberatung, Beschlussfassung vom 28.08.2024","https://grgeko.tg.ch/o/grgeko-portlet/activity/6286419/Eintreten,%20Detailberatung,%20Beschlussfassung%20vom%2028.08.2024.pdf","Beschluss des Grossen Rates über den Nachtragskredit zur Erhöhung des Globalbudgets 2024 der Steuerverwaltung","2024/BS 2/21"
"Beantwortung vom 03.07.2024","https://grgeko.tg.ch/o/grgeko-portlet/activity/6245672/Beantwortung%20vom%2003.07.2024.pdf","Fragestunde vom 03.07.2024","2024/FR 1/22"
"Wortlaut vom 05.06.2024 (24/EA 1/23)","https://grgeko.tg.ch/o/grgeko-portlet/activity/6143553/Wortlaut%20vom%2005.06.2024%20(24-EA%201-23).pdf","Einfache Anfrage von Jost Rüegg vom 5. Juni 2024 \"Bewilligungspraxis adaptiver 5G-Mobilfunkantennen im Thurgau\"","2024/EA 1/23"
"Beantwortung vom 05.08.2024 (24/EA 1/23)","https://grgeko.tg.ch/o/grgeko-portlet/activity/6235482/Beantwortung%20vom%2005.08.2024%20(24-EA%201-23).pdf","Einfache Anfrage von Jost Rüegg vom 5. Juni 2024 \"Bewilligungspraxis adaptiver 5G-Mobilfunkantennen im Thurgau\"","2024/EA 1/23"
"Wortlaut vom 05.06.2024 (24/EA 2/24)","https://grgeko.tg.ch/o/grgeko-portlet/activity/6143552/Wortlaut%20vom%2005.06.2024%20(24-EA%202-24).pdf","Einfache Anfrage von Reto Ammann vom 5. Juni 2024 \"Vom Erziehungsdepartement zum Bildungsdepartement\"","2024/EA 2/24"
"Beantwortung vom 13.08.2024 (24/EA 2/24)","https://grgeko.tg.ch/o/grgeko-portlet/activity/6245671/Beantwortung%20vom%2013.08.2024%20(24-EA%202-24).pdf","Einfache Anfrage von Reto Ammann vom 5. Juni 2024 \"Vom Erziehungsdepartement zum Bildungsdepartement\"","2024/EA 2/24"
"Wortlaut vom 05.06.2024 (24/EA 3/25)","https://grgeko.tg.ch/o/grgeko-portlet/activity/6143551/Wortlaut%20vom%2005.06.2024%20(24-EA%203-25).pdf","Einfache Anfrage von Andreas Opprecht, Maja Brühlmann Zwahlen vom 5. Juni 2024 \"Bald keine Poststellen mehr im Thurgau?\"","2024/EA 3/25"
"Beantwortung vom 05.08.2024 (24/EA 3/25)","https://grgeko.tg.ch/o/grgeko-portlet/activity/6235480/Beantwortung%20vom%2005.08.2024%20(24-EA%203-25).pdf","Einfache Anfrage von Andreas Opprecht, Maja Brühlmann Zwahlen vom 5. Juni 2024 \"Bald keine Poststellen mehr im Thurgau?\"","2024/EA 3/25"
"Wortlaut/Begründung vom 05.06.2024 (24/IN 1/26)","https://grgeko.tg.ch/o/grgeko-portlet/activity/6143550/Wortlaut-Begr%C3%BCndung%20vom%2005.06.2024%20(24-IN%201-26).pdf","Interpellation von Kenny Greber, Turi Schallenberg vom 5. Juni 2024 \"Koordinierter Umgang mit Staatsverweigerern und Reichsbürgern\"","2024/IN 1/26"
"Wortlaut/Begründung vom 05.06.2024 (24/MO 1/27)","https://grgeko.tg.ch/o/grgeko-portlet/activity/6143549/Wortlaut-Begr%C3%BCndung%20vom%2005.06.2024%20(24-MO%201-27).pdf","Motion von Reto Ammann, Stephan Tobler, Daniel Eugster, Alexander Sigg vom 5. Juni 2024 \"Warme Progression analog der kalten Progression gesetzlich regeln. Anpassung der Steuertabellen an den Nominallohnindex, entlastet die Wirtschaft und die Haushalte\"","2024/MO 1/27"
"Wortlaut/Begründung vom 05.06.2024 (24/MO 2/28)","https://grgeko.tg.ch/o/grgeko-portlet/activity/6143548/Wortlaut-Begr%C3%BCndung%20vom%2005.06.2024%20(24-MO%202-28).pdf","Motion von Oliver Martin, Franz Eugster, Elisabeth Rickenbach, Brigitta Engeli vom 5. Juni 2024 \"Zum Schutz und Verständlichkeit der deutschen Sprache\"","2024/MO 2/28"
"Wortlaut/Begründung vom 05.06.2024 (24/MO 3/29)","https://grgeko.tg.ch/o/grgeko-portlet/activity/6143547/Wortlaut-Begr%C3%BCndung%20vom%2005.06.2024%20(24-MO%203-29).pdf","Motion von Beda Stähelin, Hermann Lei, Michèle Strähl vom 5. Juni 2024 \"Gerichtskostenreduktion bei Begründungsverzicht\"","2024/MO 3/29"
"Beschlussesentwurf_Grosser_Rat_Beitritt_IVBSA_BVG-_und_Stiftungsaufsicht","https://grgeko.tg.ch/o/grgeko-portlet/activity/6164003/Beschlussesentwurf_Grosser_Rat_Beitritt_IVBSA_BVG-_und_Stiftungsaufsicht.pdf","Botschaft betreffend Beitritt des Kantons Thurgau zur Interkantonalen Vereinbarung vom 22. Mai 2024 über die BVG- und Stiftungsaufsicht der Kantone Zürich, Glarus, Schaffhausen, Appenzell Ausserrhoden, Appenzell Innerrhoden, St. Gallen, Graubünden, Thurgau und Tessin (IVBSA)","2024/BS 3/30"
"Erläuternder_Bericht_und_Text__Interkantonale_Vereinbarung_IVBSA","https://grgeko.tg.ch/o/grgeko-portlet/activity/6164001/Erl%C3%A4uternder_Bericht_und_Text__Interkantonale_Vereinbarung_IVBSA.pdf","Botschaft betreffend Beitritt des Kantons Thurgau zur Interkantonalen Vereinbarung vom 22. Mai 2024 über die BVG- und Stiftungsaufsicht der Kantone Zürich, Glarus, Schaffhausen, Appenzell Ausserrhoden, Appenzell Innerrhoden, St. Gallen, Graubünden, Thurgau und Tessin (IVBSA)","2024/BS 3/30"
"Botschaft_Beitritt_IVBSA_BVG_und_Stiftungsaufsicht","https://grgeko.tg.ch/o/grgeko-portlet/activity/6164002/Botschaft_Beitritt_IVBSA_BVG_und_Stiftungsaufsicht.pdf","Botschaft betreffend Beitritt des Kantons Thurgau zur Interkantonalen Vereinbarung vom 22. Mai 2024 über die BVG- und Stiftungsaufsicht der Kantone Zürich, Glarus, Schaffhausen, Appenzell Ausserrhoden, Appenzell Innerrhoden, St. Gallen, Graubünden, Thurgau und Tessin (IVBSA)","2024/BS 3/30"
"Der_Erlass_ID_2232_RB_831.41_RB-ABl_IVBSA_Interkantonale_Vereinbarung_Stiftungsaufsicht_ZH_GL_SH_AR_AI_SG_GR_TG_TI","https://grgeko.tg.ch/o/grgeko-portlet/activity/6164004/Der_Erlass_ID_2232_RB_831.41_RB-ABl_IVBSA_Interkantonale_Vereinbarung_Stiftungsaufsicht_ZH_GL_SH_AR_AI_SG_GR_TG_TI.pdf","Botschaft betreffend Beitritt des Kantons Thurgau zur Interkantonalen Vereinbarung vom 22. Mai 2024 über die BVG- und Stiftungsaufsicht der Kantone Zürich, Glarus, Schaffhausen, Appenzell Ausserrhoden, Appenzell Innerrhoden, St. Gallen, Graubünden, Thurgau und Tessin (IVBSA)","2024/BS 3/30"
"06_Botschaft_IVBSA","https://grgeko.tg.ch/o/grgeko-portlet/activity/6178661/06_Botschaft_IVBSA.pdf","Botschaft betreffend Beitritt des Kantons Thurgau zur Interkantonalen Vereinbarung vom 22. Mai 2024 über die BVG- und Stiftungsaufsicht der Kantone Zürich, Glarus, Schaffhausen, Appenzell Ausserrhoden, Appenzell Innerrhoden, St. Gallen, Graubünden, Thurgau und Tessin (IVBSA)","2024/BS 3/30"
"Wortlaut vom 19.06.2024 (24/EA 4/31)","https://grgeko.tg.ch/o/grgeko-portlet/activity/6164000/Wortlaut%20vom%2019.06.2024%20(24-EA%204-31).pdf","Einfache Anfrage von Heinz Keller, Martina Pfiffner Müller, Ciril Schmidiger, Raffaella Strähl-D'Ambrosio vom 19. Juni 2024 \"Private Spitex-Anbieter erwirtschaften Dividenden auf Kosten von Kanton und Gemeinden\"","2024/EA 4/31"
"Beantwortung vom 05.08.2024 (24/EA 4/31)","https://grgeko.tg.ch/o/grgeko-portlet/activity/6235479/Beantwortung%20vom%2005.08.2024%20(24-EA%204-31).pdf","Einfache Anfrage von Heinz Keller, Martina Pfiffner Müller, Ciril Schmidiger, Raffaella Strähl-D'Ambrosio vom 19. Juni 2024 \"Private Spitex-Anbieter erwirtschaften Dividenden auf Kosten von Kanton und Gemeinden\"","2024/EA 4/31"
"Wortlaut vom 19.06.2024 (24/EA 5/32)","https://grgeko.tg.ch/o/grgeko-portlet/activity/6163999/Wortlaut%20vom%2019.06.2024%20(24-EA%205-32).pdf","Einfache Anfrage von Oliver Martin, Marcel Wittwer, Beat Stump vom 19. Juni 2024 \"Überprüfung der ausserordentlichen Regelung des Ruhegehalts für den Regierungsrat\"","2024/EA 5/32"
"Beantwortung vom 05.08.2024 (24/EA 5/32)","https://grgeko.tg.ch/o/grgeko-portlet/activity/6235478/Beantwortung%20vom%2005.08.2024%20(24-EA%205-32).pdf","Einfache Anfrage von Oliver Martin, Marcel Wittwer, Beat Stump vom 19. Juni 2024 \"Überprüfung der ausserordentlichen Regelung des Ruhegehalts für den Regierungsrat\"","2024/EA 5/32"
"Wortlaut/Begründung vom 19.06.2024 (24/MO 4/33)","https://grgeko.tg.ch/o/grgeko-portlet/activity/6163998/Wortlaut-Begr%C3%BCndung%20vom%2019.06.2024%20(24-MO%204-33).pdf","Motion von Hermann Lei, Franz Eugster, Marcel Wittwer, Aline Indergand, Oliver Martin vom 19. Juni 2024 \"Islamschulen an der Volksschule?\"","2024/MO 4/33"
"Wortlaut/Begründung vom 19.06.2024 (24/IN 2/34)","https://grgeko.tg.ch/o/grgeko-portlet/activity/6163997/Wortlaut-Begr%C3%BCndung%20vom%2019.06.2024%20(24-IN%202-34).pdf","Interpellation von Aline Indergand, Hermann Lei, Franz Eugster, Andreas Opprecht vom 19. Juni 2024 \"kriminelle Clan-Strukturen im Kanton Thurgau\"","2024/IN 2/34"
"Regierungsrichtlinien_Thurgau_2024-2028","https://grgeko.tg.ch/o/grgeko-portlet/activity/6180194/Regierungsrichtlinien_Thurgau_2024-2028.pdf","Regierungsrichtlinien Thurgau 2024-2028 (RRL TG 2024-2028)","2024/WE 1/35"
"Wortlaut vom 03.07.2024 (24/EA 6/36)","https://grgeko.tg.ch/o/grgeko-portlet/activity/6184497/Wortlaut%20vom%2003.07.2024%20(24-EA%206-36).pdf","Einfache Anfrage von Stefan Wolfer vom 3. Juli 2024 \"Amtsenthebungsverfahren von Einzelmitgliedern in Exekutivämtern von Behörden\"","2024/EA 6/36"
"Beantwortung vom 03.09.2024 (24/EA 6/36)","https://grgeko.tg.ch/o/grgeko-portlet/activity/6276281/Beantwortung%20vom%2003.09.2024%20(24-EA%206-36).pdf","Einfache Anfrage von Stefan Wolfer vom 3. Juli 2024 \"Amtsenthebungsverfahren von Einzelmitgliedern in Exekutivämtern von Behörden\"","2024/EA 6/36"
"Wortlaut vom 03.07.2024 (24/EA 7/37)","https://grgeko.tg.ch/o/grgeko-portlet/activity/6184496/Wortlaut%20vom%2003.07.2024%20(24-EA%207-37).pdf","Einfache Anfrage von Michèle Strähl-Obrist vom 3. Juli 2024 \"Haben wir bald Thurgauer Polizisten ohne Schweizer Pass?\"","2024/EA 7/37"
"Beantwortung vom 13.08.2024 (24/EA 7/37)","https://grgeko.tg.ch/o/grgeko-portlet/activity/6245670/Beantwortung%20vom%2013.08.2024%20(24-EA%207-37).pdf","Einfache Anfrage von Michèle Strähl-Obrist vom 3. Juli 2024 \"Haben wir bald Thurgauer Polizisten ohne Schweizer Pass?\"","2024/EA 7/37"
"Wortlaut vom 03.07.2024 (24/EA 8/38)","https://grgeko.tg.ch/o/grgeko-portlet/activity/6184495/Wortlaut%20vom%2003.07.2024%20(24-EA%208-38).pdf","Einfache Anfrage von Sabina Peter Köstli, Barbara Dätwyler Weber vom 3. Juli 2024 \"Schutz und Prävention für Sexarbeitende im Thurgau\"","2024/EA 8/38"
"Beantwortung vom 27.08.2024 (24/EA 8/38)","https://grgeko.tg.ch/o/grgeko-portlet/activity/6266092/Beantwortung%20vom%2027.08.2024%20(24-EA%208-38).pdf","Einfache Anfrage von Sabina Peter Köstli, Barbara Dätwyler Weber vom 3. Juli 2024 \"Schutz und Prävention für Sexarbeitende im Thurgau\"","2024/EA 8/38"
"Wortlaut/Begründung vom 03.07.2024 (24/MO 5/39)","https://grgeko.tg.ch/o/grgeko-portlet/activity/6184494/Wortlaut-Begr%C3%BCndung%20vom%2003.07.2024%20(24-MO%205-39).pdf","Motion von Benno Schildknecht, Andreas Guhl, Josef Gemperle, Daniel Vetterli vom 3. Juli 2024 \"Anpassung Thurgauer Enteignungsgesetz TG EntG\"","2024/MO 5/39"
"Wortlaut/Begründung vom 03.07.2024 (24/MO 6/40)","https://grgeko.tg.ch/o/grgeko-portlet/activity/6184492/Wortlaut-Begr%C3%BCndung%20vom%2003.07.2024%20(24-MO%206-40).pdf","Motion von Stefan Leuthold, Patrick Siegenthaler, Marina Bruggmann, Sandra Reinhart, Christian Mader, Robin Spiri vom 3. Juli 2024 \"Wahlen und Abstimmungen im öffentlichen Raum sichtbar machen\"","2024/MO 6/40"
"Beantwortung vom 11.09.2024","https://grgeko.tg.ch/o/grgeko-portlet/activity/6317097/Beantwortung%20vom%2011.09.2024.pdf","Fragestunde vom 11.09.2024","2024/FR 2/41"
"Wortlaut/Begründung vom 14.08.2024 (24/IN 3/42)","https://grgeko.tg.ch/o/grgeko-portlet/activity/6245669/Wortlaut-Begr%C3%BCndung%20vom%2014.08.2024%20(24-IN%203-42).pdf","Interpellation von Gabriel Macedo, Simon Wolfer, Thomas Niederberger, Roger Martin, René Walther, Anders Stokholm, Markus Birk vom 14. August 2024 \"Wirkung des kantonalen Finanzausgleichs\"","2024/IN 3/42"
"Wortlaut/Begründung vom 14.08.2024 (24/EA 9/43)","https://grgeko.tg.ch/o/grgeko-portlet/activity/6245668/Wortlaut-Begr%C3%BCndung%20vom%2014.08.2024%20(24-EA%209-43).pdf","Einfache Anfrage von Hermann Lei vom 14. August 2024 \"Umsetzung Windenergie im Thurgau\"","2024/EA 9/43"
"Beantwortung vom 24.09.2024 (24/EA 9/43)","https://grgeko.tg.ch/o/grgeko-portlet/activity/6306848/Beantwortung%20vom%2024.09.2024%20(24-EA%209-43).pdf","Einfache Anfrage von Hermann Lei vom 14. August 2024 \"Umsetzung Windenergie im Thurgau\"","2024/EA 9/43"
"Wortlaut/Begründung vom 14.08.2024 (24/EA 10/44)","https://grgeko.tg.ch/o/grgeko-portlet/activity/6245667/Wortlaut-Begr%C3%BCndung%20vom%2014.08.2024%20(24-EA%2010-44).pdf","Einfache Anfrage von Gabriel Macedo vom 14. August 2024 \"Negative Auswirkungen einer nationalen Erbschaftssteuer auf Familienunternehmen im Kanton Thurgau\"","2024/EA 10/44"
"Beantwortung vom 24.09.2024 (24/EA 10/44)","https://grgeko.tg.ch/o/grgeko-portlet/activity/6306849/Beantwortung%20vom%2024.09.2024%20(24-EA%2010-44).pdf","Einfache Anfrage von Gabriel Macedo vom 14. August 2024 \"Negative Auswirkungen einer nationalen Erbschaftssteuer auf Familienunternehmen im Kanton Thurgau\"","2024/EA 10/44"
"Wortlaut/Begründung vom 14.08.2024 (24/IN 4/45)","https://grgeko.tg.ch/o/grgeko-portlet/activity/6245666/Wortlaut-Begr%C3%BCndung%20vom%2014.08.2024%20(24-IN%204-45).pdf","Interpellation von Reto Ammann, Marcel Preiss, Daniel Eugster, Nicole Zeitner, Attila Wohlrab, Felix Meier, Gabriel Walzthöny, Marcel Wittwer, Aline Indergand vom 14. August 2024 \"Handlungsalternativen im Investitionsbereich prüfen\"","2024/IN 4/45"
"Wortlaut vom 28.08.2024 (24/EA 11/47)","https://grgeko.tg.ch/o/grgeko-portlet/activity/6266093/Wortlaut%20vom%2028.08.2024%20(24-EA%2011-47).pdf","Einfache Anfrage von Gabriel Macedo, Andreas Opprecht vom 28. August 2024 \"Immer weniger Traulokale im Thurgau\"","2024/EA 11/47"
"Beantwortung vom 29.10.2024 (24/EA 11/47)","https://grgeko.tg.ch/o/grgeko-portlet/activity/6357834/Beantwortung%20vom%2029.10.2024%20(24-EA%2011-47).pdf","Einfache Anfrage von Gabriel Macedo, Andreas Opprecht vom 28. August 2024 \"Immer weniger Traulokale im Thurgau\"","2024/EA 11/47"
"Wortlaut vom 28.08.2024 (24/EA 12/48)","https://grgeko.tg.ch/o/grgeko-portlet/activity/6266094/Wortlaut%20vom%2028.08.2024%20(24-EA%2012-48).pdf","Einfache Anfrage von Patrick Siegenthaler, Christoph Regli vom 28. August 2024 \"Soll künftig eine Mindestanzahl von Mitunterzeichnende erforderlich sein, um einen Vorstoss überweisen zu können?\"","2024/EA 12/48"
"Beantwortung vom 29.10.2024 (24/EA 12/48)","https://grgeko.tg.ch/o/grgeko-portlet/activity/6357835/Beantwortung%20vom%2029.10.2024%20(24-EA%2012-48).pdf","Einfache Anfrage von Patrick Siegenthaler, Christoph Regli vom 28. August 2024 \"Soll künftig eine Mindestanzahl von Mitunterzeichnende erforderlich sein, um einen Vorstoss überweisen zu können?\"","2024/EA 12/48"
"Wortlaut vom 28.08.2024 falscher Stempel","https://grgeko.tg.ch/o/grgeko-portlet/activity/6266096/Wortlaut%20vom%2028.08.2024%20falscher%20Stempel.pdf","Motion von Judith Ricklin, Sabina Peter Köstli, Christian Mader, Manuela Fritschi, Stefan Leuthold, Waltraud Schönegger, Cornelia Hauser vom 28. August 2024 \"Schaffung der Gewährung der Sonderschulung für Kinder und Jugendliche mit Behinderung gemäss Art. 62 Abs. 3 BV\"","2024/MO 7/49"
"Wortlaut vom 28.08.2024 (24/MO 7/49)","https://grgeko.tg.ch/o/grgeko-portlet/activity/6286423/Wortlaut%20vom%2028.08.2024%20(24-MO%207-49).pdf","Motion von Judith Ricklin, Sabina Peter Köstli, Christian Mader, Manuela Fritschi, Stefan Leuthold, Waltraud Schönegger, Cornelia Hauser vom 28. August 2024 \"Schaffung der Gewährung der Sonderschulung für Kinder und Jugendliche mit Behinderung gemäss Art. 62 Abs. 3 BV\"","2024/MO 7/49"
"Wortlaut vom 28.08.2024 (24/IN 5/50)","https://grgeko.tg.ch/o/grgeko-portlet/activity/6266097/Wortlaut%20vom%2028.08.2024%20(24-IN%205-50).pdf","Interpellation von Robin Spiri, Jacob Auer, Jost Rüegg, Oliver Martin, Marcel Wittwer, Dean Kradolfer vom 28. August 2024 \"Gewährleistung von Bargeldzahlungen in kantonalen Einrichtungen\"","2024/IN 5/50"
"Wortlaut vom 28.08.2024 (24/IN 6/51)","https://grgeko.tg.ch/o/grgeko-portlet/activity/6266098/Wortlaut%20vom%2028.08.2024%20(24-IN%206-51).pdf","Interpellation von Daniel Vetterli, Aline Indergand vom 28. August 2024 \"Handyverbot an Thurgauer Volksschulen\"","2024/IN 6/51"
"Wortlaut vom 28.08.2024 (24/IN 7/52)","https://grgeko.tg.ch/o/grgeko-portlet/activity/6266099/Wortlaut%20vom%2028.08.2024%20(24-IN%207-52).pdf","Interpellation von Marion Sontheim, Sandra Stadler, Ciril Schmidiger, Brigitta Engeli vom 28. August 2024 \"KulturLegi an den Musikschulen im Thurgau\"","2024/IN 7/52"
"Kommissionsbericht vom 01.10.2024","https://grgeko.tg.ch/o/grgeko-portlet/activity/6317099/Kommissionsbericht%20vom%2001.10.2024.pdf","Kantonsbürgerrechtsgesuche","2024/EB 1/54"
"Wortlaut vom 11.09.2024 (24/EA 13/55)","https://grgeko.tg.ch/o/grgeko-portlet/activity/6286424/Wortlaut%20vom%2011.09.2024%20(24-EA%2013-55).pdf","Einfache Anfrage von Gabriel Walzthöny vom 11. September 2024 \"Ausgewogene und sachliche Information bei Abstimmungen\"","2024/EA 13/55"
"Wortlaut vom 11.09.2024 (24/EA 14/56)","https://grgeko.tg.ch/o/grgeko-portlet/activity/6286425/Wortlaut%20vom%2011.09.2024%20(24-EA%2014-56).pdf","Einfache Anfrage von Brigitta Engeli-Sager vom 11. September 2024 \"Schule und Digitalität - Wohin steuert das Amt für Volksschule?\"","2024/EA 14/56"
"Beantwortung vom 22.10.2024 (24/EA 14/56)","https://grgeko.tg.ch/o/grgeko-portlet/activity/6347588/Beantwortung%20vom%2022.10.2024%20(24-EA%2014-56).pdf","Einfache Anfrage von Brigitta Engeli-Sager vom 11. September 2024 \"Schule und Digitalität - Wohin steuert das Amt für Volksschule?\"","2024/EA 14/56"
"Wortlaut vom 11.09.2024 (24/EA 15/57)","https://grgeko.tg.ch/o/grgeko-portlet/activity/6286426/Wortlaut%20vom%2011.09.2024%20(24-EA%2015-57).pdf","Einfache Anfrage von Mathias Dietz vom 11. September 2024 \"Mehr Sicherheit auf dem Schulweg - Leuchtwesten für die Thurgauer Schülerinnen und Schüler\"","2024/EA 15/57"
"Beantwortung vom 29.10.2024 (24/EA 15/57)","https://grgeko.tg.ch/o/grgeko-portlet/activity/6357836/Beantwortung%20vom%2029.10.2024%20(24-EA%2015-57).pdf","Einfache Anfrage von Mathias Dietz vom 11. September 2024 \"Mehr Sicherheit auf dem Schulweg - Leuchtwesten für die Thurgauer Schülerinnen und Schüler\"","2024/EA 15/57"
"Wortlaut vom 11.09.2024 (24/EA 16/58)","https://grgeko.tg.ch/o/grgeko-portlet/activity/6286427/Wortlaut%20vom%2011.09.2024%20(24-EA%2016-58).pdf","Einfache Anfrage von Ruedi Zbinden, Heinz Keller, Raffaella Strähl-D'Ambrosio, Claude Brunner vom 11. September 2024 \"RRB 582 vom 27. August 2024 Ausbildungskapazitäten gemäss TG KVG und Bundesgesetz über die Förderung der Ausbildung im Bereich der Pflege\"","2024/EA 16/58"
"Wortlaut vom 11.09.2024 (24/MO 8/59)","https://grgeko.tg.ch/o/grgeko-portlet/activity/6286428/Wortlaut%20vom%2011.09.2024%20(24-MO%208-59).pdf","Motion von Kenny Greber, Turi Schallenberg, Cornelia Hauser, Ulrich Graf, Corinna Pasche-Strasser, Mathias Dietz, Celina Hug, Cornelia Hasler-Roost, Robin Spiri vom 11. September 2024 \"Vermögensfreibetrag in der Sozialhilfe\"","2024/MO 8/59"
"Wortlaut vom 11.09.2024 (24/MO 9/60)","https://grgeko.tg.ch/o/grgeko-portlet/activity/6286429/Wortlaut%20vom%2011.09.2024%20(24-MO%209-60).pdf","Motion von Elisabeth Rickenbach, Franz Eugster, Judith Ricklin, Barbara Dätwyler Weber, Nicole Zeitner, Brigitta Engeli-Sager, Lukas Madörin vom 11. September 2024 \"Verkaufsverbot von Einweg E-Zigaretten\"","2024/MO 9/60"
"Wortlaut vom 11.09.2024 (24/PI 1/61)","https://grgeko.tg.ch/o/grgeko-portlet/activity/6286430/Wortlaut%20vom%2011.09.2024%20(24-PI%201-61).pdf","Parlamentarische Initiative von Stephan Tobler vom 11. September 2024 \"Gesetz über das Stimm- und Wahlrecht (StWG) vom 12. Februar 2014 (Stand 1. August 2014)\"","2024/PI 1/61"
"Wortlaut vom 11.09.2024 (24/EA 17/62)","https://grgeko.tg.ch/o/grgeko-portlet/activity/6286431/Wortlaut%20vom%2011.09.2024%20(24-EA%2017-62).pdf","Einfache Anfrage von Ursula Senn-Bieri vom 11. September 2024 \"Selektives Obligatorium Vorschulische Sprachförderung\"","2024/EA 17/62"
"Missiv vom 10.09.20204 (24/BS 4/64)","https://grgeko.tg.ch/o/grgeko-portlet/activity/6317100/Missiv%20vom%2010.09.20204%20(24-BS%204-64).pdf","Voranschlag 2025 und Finanzplan 2026-2028","2024/BS 4/64"
"Entwurf Regierungsrat (24/BS 4/64)","https://grgeko.tg.ch/o/grgeko-portlet/activity/6317101/Entwurf%20Regierungsrat%20(24-BS%204-64).pdf","Voranschlag 2025 und Finanzplan 2026-2028","2024/BS 4/64"
"Budget 2025 Botschaft und Finanz- und Aufgabenplan (24/BS 4/64)","https://grgeko.tg.ch/o/grgeko-portlet/activity/6317102/Budget%202025%20Botschaft%20und%20Finanz-%20und%20Aufgabenplan%20(24-BS%204-64).pdf","Voranschlag 2025 und Finanzplan 2026-2028","2024/BS 4/64"
"Budget 2025 Zahlenteil (24/BS 4/64)","https://grgeko.tg.ch/o/grgeko-portlet/activity/6317103/Budget%202025%20Zahlenteil%20(24-BS%204-64).pdf","Voranschlag 2025 und Finanzplan 2026-2028","2024/BS 4/64"
"Objektkredit Kantonalgefängnis Frauenfeld Provisorium Haftzellen (24/BS 4/64)","https://grgeko.tg.ch/o/grgeko-portlet/activity/6317104/Objektkredit%20Kantonalgef%C3%A4ngnis%20Frauenfeld%20Provisorium%20Haftzellen%20(24-BS%204-64).pdf","Voranschlag 2025 und Finanzplan 2026-2028","2024/BS 4/64"
"Objektkredit Schiessausbildungszentrum Thurgau (24/BS 4/64)","https://grgeko.tg.ch/o/grgeko-portlet/activity/6317105/Objektkredit%20Schiessausbildungszentrum%20Thurgau%20(24-BS%204-64).pdf","Voranschlag 2025 und Finanzplan 2026-2028","2024/BS 4/64"
"Rahmenkredit (Verpflichtungskredit) 2025-2029 Programm Smart Justice (24/BS 4/64)","https://grgeko.tg.ch/o/grgeko-portlet/activity/6317106/Rahmenkredit%20(Verpflichtungskredit)%202025-2029%20Programm%20Smart%20Justice%20(24-BS%204-64).pdf","Voranschlag 2025 und Finanzplan 2026-2028","2024/BS 4/64"
"Wortlaut vom 30.09.2024 (24/EA 18/65)","https://grgeko.tg.ch/o/grgeko-portlet/activity/6317107/Wortlaut%20vom%2030.09.2024%20(24-EA%2018-65).pdf","Einfache Anfrage von Jürg Wiesli vom 30. September 2024 \"Hohe Kosten einer fast vollzeitlichen Kinderbetreuung\"","2024/EA 18/65"
"Wortlaut vom 30.09.2024 (24/EA 19/66)","https://grgeko.tg.ch/o/grgeko-portlet/activity/6317108/Wortlaut%20vom%2030.09.2024%20(24-EA%2019-66).pdf","Einfache Anfrage von Marion Sontheim vom 30. September 2024 \"Elternbeiträge Klassenlager\"","2024/EA 19/66"
"Wortlaut vom 30.09.2024 (24/EA 20/67)","https://grgeko.tg.ch/o/grgeko-portlet/activity/6317109/Wortlaut%20vom%2030.09.2024%20(24-EA%2020-67).pdf","Einfache Anfrage von Nicole Zeitner, Celina Hug vom 30. September 2024 \"Umsetzung der Sexualstrafrechtsreform im Kanton Thurgau\"","2024/EA 20/67"
"Wortlaut vom 30.09.2024 (24/EA 21/68)","https://grgeko.tg.ch/o/grgeko-portlet/activity/6317110/Wortlaut%20vom%2030.09.2024%20(24-EA%2021-68).pdf","Einfache Anfrage von Cornelia Hauser, Nicole Zeitner, Elisabeth Rickenbach vom 30. September 2024 \"Ergänzungsleistungen zur Alters-, Hinterlassenen- und Invalidenversicherung - Tarifanpassung dringend nötig.","2024/EA 21/68"
"Wortlaut vom 30.09.2024 (24/EA 22/69)","https://grgeko.tg.ch/o/grgeko-portlet/activity/6317111/Wortlaut%20vom%2030.09.2024%20(24-EA%2022-69).pdf","Einfache Anfrage von Stefan Leuthold, Nicole Zeitner, Reto Ammann, Alexander Sigg, Celina Hug, Marcel Preiss vom 30. September 2024 \"Widerrechtliche Adoptionen von indischen Kindern im Thurgau\"","2024/EA 22/69"
"Missiv_Botschaft_TG_WILWEST","https://grgeko.tg.ch/o/grgeko-portlet/activity/6322823/Missiv_Botschaft_TG_WILWEST.pdf","Botschaft zum Beschluss über die Genehmigung des Vorvertrags zum Kaufvertrag zwischen dem Kanton St. Gallen und dem Kanton Thurgau betreffend Erwerb von zwei Liegenschaften durch den Kanton Thurgau und Ermächtigung zur Weiterveräusserung der Parzellen im Rahmen des Gesamtvorhabens WILWEST sowie über die Bewilligung eines Verpflichtungskredits von Fr. 600'000 als Nachtrag zum Budget 2025","2024/BS 5/70"
"Entwurf Regierungsrates_TG_Landkauf_Wil_West","https://grgeko.tg.ch/o/grgeko-portlet/activity/6322824/Entwurf%20Regierungsrates_TG_Landkauf_Wil_West.pdf","Botschaft zum Beschluss über die Genehmigung des Vorvertrags zum Kaufvertrag zwischen dem Kanton St. Gallen und dem Kanton Thurgau betreffend Erwerb von zwei Liegenschaften durch den Kanton Thurgau und Ermächtigung zur Weiterveräusserung der Parzellen im Rahmen des Gesamtvorhabens WILWEST sowie über die Bewilligung eines Verpflichtungskredits von Fr. 600'000 als Nachtrag zum Budget 2025","2024/BS 5/70"
"Vorvertrag_Wil_West_GstKV_Kanton_St._Gallen-Staat_Thurgau_Stand_26._September_2024","https://grgeko.tg.ch/o/grgeko-portlet/activity/6322825/Vorvertrag_Wil_West_GstKV_Kanton_St._Gallen-Staat_Thurgau_Stand_26._September_2024.pdf","Botschaft zum Beschluss über die Genehmigung des Vorvertrags zum Kaufvertrag zwischen dem Kanton St. Gallen und dem Kanton Thurgau betreffend Erwerb von zwei Liegenschaften durch den Kanton Thurgau und Ermächtigung zur Weiterveräusserung der Parzellen im Rahmen des Gesamtvorhabens WILWEST sowie über die Bewilligung eines Verpflichtungskredits von Fr. 600'000 als Nachtrag zum Budget 2025","2024/BS 5/70"
"Schlussbericht_Optimierung_Gesamtvorhaben_WILWEST_16.09.2024","https://grgeko.tg.ch/o/grgeko-portlet/activity/6322826/Schlussbericht_Optimierung_Gesamtvorhaben_WILWEST_16.09.2024.pdf","Botschaft zum Beschluss über die Genehmigung des Vorvertrags zum Kaufvertrag zwischen dem Kanton St. Gallen und dem Kanton Thurgau betreffend Erwerb von zwei Liegenschaften durch den Kanton Thurgau und Ermächtigung zur Weiterveräusserung der Parzellen im Rahmen des Gesamtvorhabens WILWEST sowie über die Bewilligung eines Verpflichtungskredits von Fr. 600'000 als Nachtrag zum Budget 2025","2024/BS 5/70"
"Wortlaut vom 23.10.2024 (24/PI 2/71)","https://grgeko.tg.ch/o/grgeko-portlet/activity/6347589/Wortlaut%20vom%2023.10.2024%20(24-PI%202-71).pdf","Parlamentarische Initiative von Robin Spiri, Barbara Dätwyler Weber, Alexander Sigg, Andreas Sigrist, Judith Ricklin, Patrick Siegenthaler vom 23. Oktober 2024 \"Maximaler steuerlicher Abzug der Krankenkassenprämien der Realität anpassen\"","2024/PI 2/71"
"Wortlaut vom 23.10.2024 (24/MO 10/72)","https://grgeko.tg.ch/o/grgeko-portlet/activity/6347590/Wortlaut%20vom%2023.10.2024%20(24-MO%2010-72).pdf","Motion von Oliver Martin, Marcel Wittwer, Jacob Auer, Didi Feuerle, Sandrine Nikolic-Fuss vom 23. Oktober 2024 \"Abschaffung des regierungsrätlichen Ruhegehalts\"","2024/MO 10/72"
"Wortlaut vom 23.10.2024 (24/IN 8/73)","https://grgeko.tg.ch/o/grgeko-portlet/activity/6347591/Wortlaut%20vom%2023.10.2024%20(24-IN%208-73).pdf","Interpellation von Stefan Leuthold, Cornelia Hasler-Roost, Patrick Siegenthaler vom 23. Oktober 2024 \"Entfremdung: Welche Unterstützung erhalten Betroffene im Thurgau?\"","2024/IN 8/73"
"Wortlaut vom 23.10.2024 (24/EA 23/74)","https://grgeko.tg.ch/o/grgeko-portlet/activity/6347592/Wortlaut%20vom%2023.10.2024%20(24-EA%2023-74).pdf","Einfache Anfrage von Ueli Keller vom 23. Oktober 2024 \"Kinder in der Nothilfe\"","2024/EA 23/74"
"Wortlaut vom 23.10.2024 (24/EA 24/75)","https://grgeko.tg.ch/o/grgeko-portlet/activity/6347593/Wortlaut%20vom%2023.10.2024%20(24-EA%2024-75).pdf","Einfache Anfrage von Robin Spiri vom 23. Oktober 2024 \"Bargeldlose Automaten auf Kantonsgebiet\"","2024/EA 24/75"
